timestamp,energy_kwh,temperature,occupancy,building_id,tariff
2026-10-01T00:00:00Z,24.5,20.1,2,1,8.0
2026-10-01T01:00:00Z,28.099999999999998,20.2,2,1,8.0
2026-10-01T02:00:00Z,20.700000000000003,20.7,5,1,8.0
2026-10-01T03:00:00Z,21.3,21.4,6,1,8.0
2026-10-01T04:00:00Z,24.4,22.4,6,1,8.0
2026-10-01T05:00:00Z,24.8,22.6,8,1,8.0
2026-10-01T06:00:00Z,57.0,23.6,25,1,8.0
2026-10-01T07:00:00Z,55.2,24.3,18,1,8.0
2026-10-01T08:00:00Z,55.9,24.9,64,1,8.0
2026-10-01T09:00:00Z,102.8,25.1,48,1,8.0
2026-10-01T10:00:00Z,180.0,25.6,62,1,8.0
2026-10-01T11:00:00Z,100.7,26.1,65,1,8.0
2026-10-01T12:00:00Z,98.2,27.2,63,1,8.0
2026-10-01T13:00:00Z,101.6,27.0,52,1,8.0
2026-10-01T14:00:00Z,102.2,28.5,52,1,8.0
2026-10-01T15:00:00Z,100.8,27.3,59,1,8.0
2026-10-01T16:00:00Z,99.1,26.7,56,1,8.0
2026-10-01T17:00:00Z,97.4,26.5,65,1,8.0
2026-10-01T18:00:00Z,54.4,25.8,62,1,8.0
2026-10-01T19:00:00Z,54.4,25.0,35,1,8.0
2026-10-01T20:00:00Z,50.6,24.4,16,1,8.0
2026-10-01T21:00:00Z,54.9,23.8,23,1,8.0
2026-10-01T22:00:00Z,30.2,23.5,7,1,8.0
2026-10-01T23:00:00Z,28.400000000000002,22.8,7,1,8.0
2026-10-02T00:00:00Z,26.7,19.7,6,1,8.0
2026-10-02T01:00:00Z,22.900000000000002,20.5,6,1,8.0
2026-10-02T02:00:00Z,26.5,21.6,6,1,8.0
2026-10-02T03:00:00Z,27.3,22.1,3,1,8.0
2026-10-02T04:00:00Z,25.1,22.2,2,1,8.0
2026-10-02T05:00:00Z,29.099999999999998,22.8,4,1,8.0
2026-10-02T06:00:00Z,61.300000000000004,22.9,18,1,8.0
2026-10-02T07:00:00Z,57.8,23.8,35,1,8.0
2026-10-02T08:00:00Z,65.0,24.2,45,1,8.0
2026-10-02T09:00:00Z,101.6,24.9,61,1,8.0
2026-10-02T10:00:00Z,102.2,25.7,48,1,8.0
2026-10-02T11:00:00Z,100.0,26.1,65,1,8.0
2026-10-02T12:00:00Z,101.6,26.6,56,1,8.0
2026-10-02T13:00:00Z,102.5,27.5,61,1,8.0
2026-10-02T14:00:00Z,97.1,28.1,60,1,8.0
2026-10-02T15:00:00Z,98.4,27.9,54,1,8.0
2026-10-02T16:00:00Z,102.7,26.6,63,1,8.0
2026-10-02T17:00:00Z,101.9,25.9,60,1,8.0
2026-10-02T18:00:00Z,54.4,26.2,62,1,8.0
2026-10-02T19:00:00Z,53.2,25.1,32,1,8.0
2026-10-02T20:00:00Z,59.1,24.7,21,1,8.0
2026-10-02T21:00:00Z,55.4,24.2,24,1,8.0
2026-10-02T22:00:00Z,28.3,23.3,6,1,8.0
2026-10-02T23:00:00Z,28.799999999999997,22.4,2,1,8.0
2026-10-03T00:00:00Z,28.2,19.7,6,1,8.0
2026-10-03T01:00:00Z,28.799999999999997,20.1,5,1,8.0
2026-10-03T02:00:00Z,30.099999999999998,20.9,15,1,8.0
2026-10-03T03:00:00Z,28.8,21.9,14,1,8.0
2026-10-03T04:00:00Z,26.400000000000002,22.3,11,1,8.0
2026-10-03T05:00:00Z,31.8,22.8,11,1,8.0
2026-10-03T06:00:00Z,29.5,23.0,15,1,8.0
2026-10-03T07:00:00Z,28.9,23.9,10,1,8.0
2026-10-03T08:00:00Z,29.3,24.3,13,1,8.0
2026-10-03T09:00:00Z,29.0,24.9,8,1,8.0
2026-10-03T10:00:00Z,29.299999999999997,26.0,13,1,8.0
2026-10-03T11:00:00Z,34.5,26.3,5,1,8.0
2026-10-03T12:00:00Z,29.5,27.2,7,1,8.0
2026-10-03T13:00:00Z,25.7,27.8,5,1,8.0
2026-10-03T14:00:00Z,30.3,27.9,12,1,8.0
2026-10-03T15:00:00Z,30.5,27.7,13,1,8.0
2026-10-03T16:00:00Z,32.4,26.5,8,1,8.0
2026-10-03T17:00:00Z,28.7,26.3,10,1,8.0
2026-10-03T18:00:00Z,31.400000000000002,25.7,13,1,8.0
2026-10-03T19:00:00Z,25.7,24.7,7,1,8.0
2026-10-03T20:00:00Z,30.8,24.9,11,1,8.0
2026-10-03T21:00:00Z,25.7,23.7,14,1,8.0
2026-10-03T22:00:00Z,32.7,23.6,14,1,8.0
2026-10-03T23:00:00Z,28.4,22.6,10,1,8.0
2026-10-04T00:00:00Z,32.4,20.2,9,1,8.0
2026-10-04T01:00:00Z,32.8,21.0,5,1,8.0
2026-10-04T02:00:00Z,30.2,21.6,6,1,8.0
2026-10-04T03:00:00Z,33.8,21.3,10,1,8.0
2026-10-04T04:00:00Z,30.1,22.2,7,1,8.0
2026-10-04T05:00:00Z,31.1,22.7,15,1,8.0
2026-10-04T06:00:00Z,30.7,23.5,15,1,8.0
2026-10-04T07:00:00Z,28.9,23.8,6,1,8.0
2026-10-04T08:00:00Z,29.099999999999998,24.4,8,1,8.0
2026-10-04T09:00:00Z,28.5,25.3,9,1,8.0
2026-10-04T10:00:00Z,27.9,26.1,5,1,8.0
2026-10-04T11:00:00Z,27.1,26.1,5,1,8.0
2026-10-04T12:00:00Z,31.3,27.3,7,1,8.0
2026-10-04T13:00:00Z,31.099999999999998,27.4,5,1,8.0
2026-10-04T14:00:00Z,32.2,28.2,7,1,8.0
2026-10-04T15:00:00Z,27.0,27.5,7,1,8.0
2026-10-04T16:00:00Z,29.900000000000002,26.7,5,1,8.0
2026-10-04T17:00:00Z,29.799999999999997,26.0,6,1,8.0
2026-10-04T18:00:00Z,33.6,26.1,14,1,8.0
2026-10-04T19:00:00Z,33.8,24.9,7,1,8.0
2026-10-04T20:00:00Z,31.2,25.0,5,1,8.0
2026-10-04T21:00:00Z,33.4,24.3,11,1,8.0
2026-10-04T22:00:00Z,29.8,23.7,9,1,8.0
2026-10-04T23:00:00Z,29.7,22.7,5,1,8.0
2026-10-05T00:00:00Z,26.299999999999997,20.3,5,1,8.0
2026-10-05T01:00:00Z,21.3,20.9,3,1,8.0
2026-10-05T02:00:00Z,24.900000000000002,21.0,8,1,8.0
2026-10-05T03:00:00Z,27.5,21.6,6,1,8.0
2026-10-05T04:00:00Z,26.3,22.3,2,1,8.0
2026-10-05T05:00:00Z,23.8,22.5,4,1,8.0
2026-10-05T06:00:00Z,62.5,23.3,25,1,8.0
2026-10-05T07:00:00Z,55.4,23.6,33,1,8.0
2026-10-05T08:00:00Z,62.800000000000004,24.5,61,1,8.0
2026-10-05T09:00:00Z,99.2,25.4,51,1,8.0
2026-10-05T10:00:00Z,100.7,25.3,55,1,8.0
2026-10-05T11:00:00Z,101.3,26.4,48,1,8.0
2026-10-05T12:00:00Z,101.0,26.7,54,1,8.0
2026-10-05T13:00:00Z,100.3,27.3,54,1,8.0
2026-10-05T14:00:00Z,101.1,27.7,57,1,8.0
2026-10-05T15:00:00Z,100.4,27.8,64,1,8.0
2026-10-05T16:00:00Z,98.8,26.8,45,1,8.0
2026-10-05T17:00:00Z,100.6,26.0,63,1,8.0
2026-10-05T18:00:00Z,53.0,25.5,59,1,8.0
2026-10-05T19:00:00Z,54.7,25.1,20,1,8.0
2026-10-05T20:00:00Z,55.9,24.7,34,1,8.0
2026-10-05T21:00:00Z,51.5,24.3,24,1,8.0
2026-10-05T22:00:00Z,32.6,23.0,3,1,8.0
2026-10-05T23:00:00Z,30.5,23.1,5,1,8.0
2026-10-06T00:00:00Z,23.9,19.7,7,1,8.0
2026-10-06T01:00:00Z,24.5,20.2,7,1,8.0
2026-10-06T02:00:00Z,24.400000000000002,21.4,2,1,8.0
2026-10-06T03:00:00Z,22.400000000000002,22.0,7,1,8.0
2026-10-06T04:00:00Z,21.3,22.0,8,1,8.0
2026-10-06T05:00:00Z,27.6,22.8,6,1,8.0
2026-10-06T06:00:00Z,62.0,23.9,29,1,8.0
2026-10-06T07:00:00Z,57.7,24.0,32,1,8.0
2026-10-06T08:00:00Z,57.1,24.9,59,1,8.0
2026-10-06T09:00:00Z,99.9,25.3,61,1,8.0
2026-10-06T10:00:00Z,97.5,25.5,59,1,8.0
2026-10-06T11:00:00Z,99.0,26.1,53,1,8.0
2026-10-06T12:00:00Z,97.8,27.3,47,1,8.0
2026-10-06T13:00:00Z,101.2,27.2,49,1,8.0
2026-10-06T14:00:00Z,99.0,27.6,58,1,8.0
2026-10-06T15:00:00Z,98.2,27.4,46,1,8.0
2026-10-06T16:00:00Z,102.7,26.8,63,1,8.0
2026-10-06T17:00:00Z,99.3,25.8,63,1,8.0
2026-10-06T18:00:00Z,53.099999999999994,25.2,56,1,8.0
2026-10-06T19:00:00Z,56.6,25.5,28,1,8.0
2026-10-06T20:00:00Z,53.5,24.9,22,1,8.0
2026-10-06T21:00:00Z,55.1,24.0,27,1,8.0
2026-10-06T22:00:00Z,33.9,23.3,3,1,8.0
2026-10-06T23:00:00Z,27.5,23.3,6,1,8.0
2026-10-07T00:00:00Z,22.900000000000002,20.1,2,1,8.0
2026-10-07T01:00:00Z,22.5,20.9,3,1,8.0
2026-10-07T02:00:00Z,26.7,20.9,4,1,8.0
2026-10-07T03:00:00Z,26.7,21.5,8,1,8.0
2026-10-07T04:00:00Z,28.2,22.3,7,1,8.0
2026-10-07T05:00:00Z,26.0,22.7,7,1,8.0
2026-10-07T06:00:00Z,60.900000000000006,23.0,15,1,8.0
2026-10-07T07:00:00Z,58.199999999999996,23.5,19,1,8.0
2026-10-07T08:00:00Z,58.3,24.2,51,1,8.0
2026-10-07T09:00:00Z,100.6,25.0,64,1,8.0
2026-10-07T10:00:00Z,101.7,26.0,48,1,8.0
2026-10-07T11:00:00Z,97.6,25.9,54,1,8.0
2026-10-07T12:00:00Z,100.5,26.4,54,1,8.0
2026-10-07T13:00:00Z,99.4,27.8,57,1,8.0
2026-10-07T14:00:00Z,100.6,28.2,47,1,8.0
2026-10-07T15:00:00Z,97.6,27.8,52,1,8.0
2026-10-07T16:00:00Z,101.8,27.1,64,1,8.0
2026-10-07T17:00:00Z,101.7,26.6,63,1,8.0
2026-10-07T18:00:00Z,53.4,25.6,58,1,8.0
2026-10-07T19:00:00Z,59.0,25.3,15,1,8.0
2026-10-07T20:00:00Z,57.8,24.2,26,1,8.0
2026-10-07T21:00:00Z,53.2,24.2,28,1,8.0
2026-10-07T22:00:00Z,31.4,23.6,6,1,8.0
2026-10-07T23:00:00Z,31.900000000000002,22.8,5,1,8.0
